"rank","doc_index","topic_probability","topic_letter","topic_number"
1,14072,0.615407510197978,"A",1
2,16365,0.527211185002654,"A",1
3,22917,0.519447694298763,"A",1
4,14578,0.50749543189781,"A",1
5,15490,0.49166751614236,"A",1
6,8790,0.476352513869418,"A",1
7,13723,0.475722949514361,"A",1
8,19464,0.471499761938163,"A",1
9,25352,0.467598248152421,"A",1
10,14423,0.462299570936474,"A",1
11,8900,0.458786476037036,"A",1
12,21940,0.455835166281627,"A",1
13,25252,0.44769327049972,"A",1
14,22636,0.439322292675137,"A",1
15,12748,0.43859068058185,"A",1
16,15030,0.432481749403359,"A",1
17,8550,0.427329317533412,"A",1
18,16775,0.415064037416683,"A",1
19,16779,0.413951864690465,"A",1
20,3289,0.413214841846712,"A",1
21,17777,0.410052198196537,"A",1
22,22198,0.40577291574081,"A",1
23,24069,0.39707927752577,"A",1
24,8890,0.395183011756135,"A",1
25,13097,0.391865708148727,"A",1
26,16367,0.388097681438924,"A",1
27,14087,0.387844889697741,"A",1
28,19197,0.384709265104393,"A",1
29,7385,0.384604803472667,"A",1
30,12789,0.382635853459487,"A",1
31,21941,0.382616080542929,"A",1
32,23913,0.38087797099235,"A",1
33,25331,0.378613279130754,"A",1
34,23802,0.376275046030999,"A",1
35,10729,0.374100048316051,"A",1
36,18859,0.373844208749631,"A",1
37,3290,0.372152524766398,"A",1
38,24085,0.370384578462483,"A",1
39,23087,0.36618130950211,"A",1
40,9715,0.36527637391426,"A",1
41,16080,0.363828764014089,"A",1
42,19653,0.363795945776961,"A",1
43,11075,0.362030873933101,"A",1
44,2414,0.361712634819384,"A",1
45,8886,0.361649861077811,"A",1
46,4640,0.361332454898991,"A",1
47,15367,0.358435833784286,"A",1
48,5789,0.356118199740406,"A",1
49,18115,0.355518166364173,"A",1
50,13082,0.355515496926655,"A",1
1,4471,0.749125326622882,"E",5
2,21073,0.672141260627129,"E",5
3,20050,0.658085808680683,"E",5
4,11201,0.655049658319103,"E",5
5,23328,0.645771485287411,"E",5
6,11177,0.596005100630298,"E",5
7,20302,0.591601046048332,"E",5
8,25720,0.587011269708861,"E",5
9,854,0.586955343410911,"E",5
10,6225,0.582911325954787,"E",5
11,10881,0.576212941449604,"E",5
12,19741,0.57560603192866,"E",5
13,17673,0.572281479656034,"E",5
14,2966,0.571186190865941,"E",5
15,12189,0.570571998878872,"E",5
16,1366,0.569011752537985,"E",5
17,1170,0.565632875989136,"E",5
18,5314,0.561740900412868,"E",5
19,20967,0.560838816618124,"E",5
20,17674,0.549931350336953,"E",5
21,18720,0.549404709644833,"E",5
22,1499,0.548361337478469,"E",5
23,9509,0.548025788376812,"E",5
24,12513,0.53816613733339,"E",5
25,22849,0.533302051724863,"E",5
26,8106,0.530160039149014,"E",5
27,7401,0.529832645294061,"E",5
28,17620,0.52855251476394,"E",5
29,20966,0.52610122693001,"E",5
30,1321,0.525323878120506,"E",5
31,5120,0.523170949122835,"E",5
32,18141,0.521101307631912,"E",5
33,2895,0.511784773377677,"E",5
34,8301,0.504864441765001,"E",5
35,411,0.499839011771455,"E",5
36,20911,0.49783699961458,"E",5
37,10882,0.49288563531511,"E",5
38,23945,0.489030765094978,"E",5
39,4869,0.488822607365605,"E",5
40,3050,0.486633216511372,"E",5
41,19021,0.482383023445732,"E",5
42,18332,0.480018304625651,"E",5
43,5624,0.476348777692023,"E",5
44,406,0.475625505918847,"E",5
45,1443,0.474292970911,"E",5
46,17391,0.457878398676502,"E",5
47,13395,0.457120559698438,"E",5
48,15158,0.455208552682708,"E",5
49,13751,0.454777561406255,"E",5
50,12985,0.453765740119911,"E",5
1,24548,0.848421910241662,"G",7
2,24549,0.848421910241662,"G",7
3,15197,0.746294812842317,"G",7
4,24604,0.727428375316906,"G",7
5,24386,0.706144155004548,"G",7
6,24457,0.686995362163208,"G",7
7,24093,0.686913187662384,"G",7
8,16589,0.678841089576287,"G",7
9,24096,0.669366491713347,"G",7
10,24415,0.669032011678409,"G",7
11,24414,0.667746512745958,"G",7
12,24239,0.667633180933576,"G",7
13,24050,0.666619724426934,"G",7
14,24461,0.665737358651149,"G",7
15,24489,0.664016671170832,"G",7
16,24029,0.663656697136205,"G",7
17,24732,0.661758712251478,"G",7
18,24463,0.659899167040071,"G",7
19,24691,0.657900406533685,"G",7
20,23381,0.651079740763566,"G",7
21,12508,0.650870106208314,"G",7
22,24213,0.650199656324567,"G",7
23,24736,0.641356866800356,"G",7
24,24737,0.641356866800356,"G",7
25,24378,0.640065200075734,"G",7
26,24375,0.634609228862904,"G",7
27,25226,0.627562331138932,"G",7
28,24453,0.622939918923191,"G",7
29,19333,0.622558504150439,"G",7
30,19334,0.622558504150439,"G",7
31,23386,0.622314376862732,"G",7
32,21797,0.619619269672298,"G",7
33,15106,0.619320936690283,"G",7
34,19838,0.618474827624033,"G",7
35,24083,0.616039619584723,"G",7
36,23643,0.614006263546127,"G",7
37,24411,0.594454848710313,"G",7
38,13068,0.590404872241136,"G",7
39,24699,0.58643908593678,"G",7
40,25149,0.585814560051775,"G",7
41,20727,0.584935143753271,"G",7
42,24531,0.578973292588324,"G",7
43,23750,0.57883733631277,"G",7
44,24605,0.578375425665332,"G",7
45,14741,0.578012032375264,"G",7
46,12472,0.558054266106658,"G",7
47,8387,0.557644906933587,"G",7
48,24325,0.55636061198765,"G",7
49,25023,0.555263237559194,"G",7
50,18706,0.554577346550066,"G",7
1,19558,0.730954332750302,"I",9
2,23417,0.726459977593339,"I",9
3,24885,0.646211765657425,"I",9
4,11956,0.644135054468313,"I",9
5,19569,0.632379411911974,"I",9
6,25478,0.6298736356886,"I",9
7,10322,0.611768898411201,"I",9
8,16042,0.599330605176696,"I",9
9,24902,0.590996066823545,"I",9
10,19557,0.57799755537328,"I",9
11,11715,0.573485118819353,"I",9
12,14173,0.562547269497468,"I",9
13,20461,0.555119074281222,"I",9
14,14218,0.552087277436475,"I",9
15,16778,0.54533446504082,"I",9
16,7419,0.537637095207137,"I",9
17,11712,0.53112573602249,"I",9
18,19583,0.528598089831541,"I",9
19,17891,0.524573821159156,"I",9
20,19562,0.519655612468714,"I",9
21,17523,0.51949634533383,"I",9
22,23952,0.517470854275716,"I",9
23,13044,0.517362063461222,"I",9
24,23178,0.5133851812253,"I",9
25,8812,0.512218819892304,"I",9
26,25476,0.511255686426486,"I",9
27,19584,0.498811173871824,"I",9
28,14259,0.496373966691834,"I",9
29,7417,0.493874371136675,"I",9
30,14923,0.49277050671373,"I",9
31,9764,0.49273537293848,"I",9
32,14275,0.489786560398984,"I",9
33,7435,0.489565140810187,"I",9
34,10688,0.481897134165778,"I",9
35,13423,0.477146308405748,"I",9
36,23864,0.471502245455574,"I",9
37,25021,0.470814689021695,"I",9
38,20355,0.470379263856286,"I",9
39,13358,0.469058355882104,"I",9
40,25189,0.466716578167751,"I",9
41,10552,0.466473702800059,"I",9
42,22137,0.465702473732912,"I",9
43,23405,0.4604276621187,"I",9
44,13154,0.460301038158063,"I",9
45,3381,0.457700358184313,"I",9
46,15570,0.457014927578777,"I",9
47,17080,0.456357475203993,"I",9
48,14858,0.456093652737076,"I",9
49,9282,0.45372543939284,"I",9
50,11228,0.450751788053871,"I",9
1,22738,0.810543622241736,"K",11
2,7421,0.793751890469935,"K",11
3,5851,0.780124047114621,"K",11
4,4822,0.730349675148736,"K",11
5,22716,0.71776810363012,"K",11
6,25020,0.70241486058853,"K",11
7,20404,0.683182559962337,"K",11
8,4709,0.682313339470235,"K",11
9,5028,0.633546330710695,"K",11
10,25100,0.627322887664955,"K",11
11,798,0.625059822640943,"K",11
12,1815,0.601033422846639,"K",11
13,22554,0.59484589286241,"K",11
14,24891,0.579907526803095,"K",11
15,16258,0.572256994124329,"K",11
16,128,0.564543588959525,"K",11
17,25680,0.557448374194033,"K",11
18,4181,0.55078327821646,"K",11
19,25057,0.539635462943982,"K",11
20,22586,0.539456868862242,"K",11
21,17128,0.539046924946598,"K",11
22,9555,0.533204831711425,"K",11
23,22607,0.528581261150466,"K",11
24,1160,0.52614851938573,"K",11
25,13839,0.523413002273813,"K",11
26,9007,0.519639728893596,"K",11
27,20979,0.51567332068759,"K",11
28,21266,0.515643360282066,"K",11
29,16421,0.511927578564105,"K",11
30,3301,0.509846685201002,"K",11
31,25313,0.509648764093318,"K",11
32,20339,0.495188214815978,"K",11
33,6137,0.493505210744839,"K",11
34,13253,0.490980190960476,"K",11
35,4943,0.490616006368673,"K",11
36,8700,0.488439849092217,"K",11
37,12891,0.487540571029851,"K",11
38,18657,0.486821172369241,"K",11
39,14302,0.485608047205236,"K",11
40,19230,0.480935312768722,"K",11
41,22843,0.479900406492023,"K",11
42,6854,0.478329165772354,"K",11
43,10018,0.47808733547304,"K",11
44,20193,0.476921014546253,"K",11
45,19355,0.476509934173281,"K",11
46,11123,0.469415009764236,"K",11
47,17322,0.46425734488717,"K",11
48,19911,0.463408002481251,"K",11
49,15700,0.460285345276036,"K",11
50,16896,0.458655437032967,"K",11
1,8881,0.678502246315273,"AA",27
2,20964,0.637188619767072,"AA",27
3,4589,0.630507981964511,"AA",27
4,19981,0.591654260110017,"AA",27
5,13864,0.583139497315018,"AA",27
6,20960,0.556488723170384,"AA",27
7,21625,0.553917485695666,"AA",27
8,20005,0.550915438968601,"AA",27
9,20122,0.540870099476555,"AA",27
10,23686,0.537620608949644,"AA",27
11,19287,0.529675863910322,"AA",27
12,13867,0.523429611799971,"AA",27
13,4571,0.519656482197286,"AA",27
14,23880,0.514371226666083,"AA",27
15,20725,0.503366534410208,"AA",27
16,9471,0.492647526941612,"AA",27
17,21172,0.490375317978117,"AA",27
18,20958,0.488914461387559,"AA",27
19,15666,0.485319844487557,"AA",27
20,16623,0.481570672309444,"AA",27
21,20959,0.480839818151672,"AA",27
22,21253,0.46947717605197,"AA",27
23,20963,0.462672183455481,"AA",27
24,3053,0.46076064206026,"AA",27
25,13868,0.458566032870162,"AA",27
26,20961,0.447116853735048,"AA",27
27,16625,0.442754021560586,"AA",27
28,6876,0.425542601974427,"AA",27
29,23067,0.423505064985203,"AA",27
30,19369,0.42336116217092,"AA",27
31,23682,0.418836174840422,"AA",27
32,19307,0.418177987255596,"AA",27
33,23935,0.41613350045385,"AA",27
34,6841,0.415183691639307,"AA",27
35,19395,0.414614166718,"AA",27
36,20010,0.411086936427004,"AA",27
37,24420,0.411051470827284,"AA",27
38,16105,0.40326117168305,"AA",27
39,6827,0.401860442247387,"AA",27
40,19370,0.401682618613062,"AA",27
41,6233,0.399265526611136,"AA",27
42,23153,0.398235598289761,"AA",27
43,14380,0.391015975778054,"AA",27
44,18643,0.388765117851865,"AA",27
45,255,0.383897220523288,"AA",27
46,18135,0.379998775066479,"AA",27
47,15661,0.372466648287169,"AA",27
48,7364,0.36890223271782,"AA",27
49,4677,0.365439612688651,"AA",27
50,21537,0.365037060961112,"AA",27
1,17323,0.648941268641823,"FF",32
2,25032,0.595897784002927,"FF",32
3,9448,0.569426334237583,"FF",32
4,22902,0.568227696874337,"FF",32
5,19772,0.562237519796601,"FF",32
6,22441,0.55977692263539,"FF",32
7,24579,0.54070915158303,"FF",32
8,19662,0.540240751283182,"FF",32
9,20023,0.536973556968948,"FF",32
10,4835,0.530463797573335,"FF",32
11,19378,0.507150153624854,"FF",32
12,24516,0.502500736080154,"FF",32
13,19413,0.501632240710895,"FF",32
14,22888,0.50020239909687,"FF",32
15,25049,0.498278965351705,"FF",32
16,16457,0.497474465562619,"FF",32
17,8101,0.496153519564259,"FF",32
18,22886,0.493132387813214,"FF",32
19,20828,0.491228601251101,"FF",32
20,19158,0.488603355778381,"FF",32
21,24668,0.487409245154038,"FF",32
22,22191,0.487299155532323,"FF",32
23,24879,0.486697900467354,"FF",32
24,21817,0.484546182209467,"FF",32
25,25716,0.484504862788185,"FF",32
26,16530,0.484245098265492,"FF",32
27,20395,0.480156508000165,"FF",32
28,24757,0.47968261617279,"FF",32
29,9063,0.479134085454183,"FF",32
30,17101,0.478662327632868,"FF",32
31,23131,0.476699440120053,"FF",32
32,16429,0.475207841478162,"FF",32
33,23817,0.472774321811306,"FF",32
34,4903,0.466241554103629,"FF",32
35,23001,0.465283684006461,"FF",32
36,25700,0.46298865363234,"FF",32
37,23341,0.461772069046995,"FF",32
38,22438,0.461750074398169,"FF",32
39,18268,0.458665564685136,"FF",32
40,25453,0.458579120943518,"FF",32
41,25178,0.458315654024216,"FF",32
42,23574,0.458248706276815,"FF",32
43,25740,0.456741449042948,"FF",32
44,23201,0.456543435101995,"FF",32
45,17985,0.455240859204485,"FF",32
46,17057,0.454587311371873,"FF",32
47,18100,0.452745852480246,"FF",32
48,11418,0.452233193261352,"FF",32
49,24815,0.451630146299261,"FF",32
50,12395,0.44914686888751,"FF",32
1,9692,0.572898847485811,"GG",33
2,12861,0.559042401028258,"GG",33
3,13752,0.555515775405796,"GG",33
4,12709,0.526161769637882,"GG",33
5,22277,0.525428848786377,"GG",33
6,17595,0.521752159879376,"GG",33
7,14561,0.505564615932285,"GG",33
8,15487,0.502027074739686,"GG",33
9,15502,0.497776643212661,"GG",33
10,17559,0.47726872435653,"GG",33
11,20041,0.468943840040819,"GG",33
12,19821,0.464561239506195,"GG",33
13,22493,0.457484864393285,"GG",33
14,4433,0.457075985004639,"GG",33
15,25268,0.442225856284765,"GG",33
16,14794,0.433830199706356,"GG",33
17,15499,0.428747705470057,"GG",33
18,12765,0.427662619532253,"GG",33
19,22130,0.415715485299607,"GG",33
20,21785,0.414680890553672,"GG",33
21,12828,0.414597931845765,"GG",33
22,15381,0.412555669598223,"GG",33
23,16368,0.411600710989611,"GG",33
24,15961,0.410128567709755,"GG",33
25,16290,0.407085485308308,"GG",33
26,12708,0.403556958180316,"GG",33
27,15059,0.402646810521755,"GG",33
28,12425,0.402582329214276,"GG",33
29,25053,0.397543754139775,"GG",33
30,21401,0.396636744937817,"GG",33
31,20024,0.396181183133211,"GG",33
32,14378,0.39275317602026,"GG",33
33,9458,0.388331407226261,"GG",33
34,15175,0.386990515513266,"GG",33
35,23343,0.386986654862083,"GG",33
36,25698,0.385920059786961,"GG",33
37,10822,0.382306876019956,"GG",33
38,15032,0.382002673869799,"GG",33
39,14596,0.376899073253165,"GG",33
40,20950,0.37522677965713,"GG",33
41,11825,0.372905725711307,"GG",33
42,16015,0.37072140149953,"GG",33
43,22572,0.37014900798496,"GG",33
44,8952,0.36641171431166,"GG",33
45,8371,0.365073594933665,"GG",33
46,20864,0.36457139242498,"GG",33
47,12710,0.364147556281503,"GG",33
48,3219,0.362661772592159,"GG",33
49,17723,0.355340368295897,"GG",33
50,22846,0.352220435958151,"GG",33
1,23009,0.65421889622523,"KK",37
2,402,0.634427323894232,"KK",37
3,5473,0.631605613194991,"KK",37
4,10860,0.610799582410021,"KK",37
5,8608,0.59147702346088,"KK",37
6,3696,0.588036257606704,"KK",37
7,4902,0.586177391887627,"KK",37
8,3957,0.570521712338502,"KK",37
9,19075,0.569505061871518,"KK",37
10,6140,0.569479864811504,"KK",37
11,7661,0.553416163491642,"KK",37
12,10405,0.537388607208303,"KK",37
13,13638,0.532699244337873,"KK",37
14,9091,0.527600130941073,"KK",37
15,14531,0.521273658061565,"KK",37
16,8464,0.519046444046862,"KK",37
17,8574,0.515914085313282,"KK",37
18,8592,0.502535165891492,"KK",37
19,3572,0.501473235298625,"KK",37
20,21490,0.500767767489865,"KK",37
21,5465,0.499202048871274,"KK",37
22,10485,0.496462986022508,"KK",37
23,2642,0.491251385559042,"KK",37
24,13545,0.489700552888331,"KK",37
25,3042,0.486516340305417,"KK",37
26,5832,0.482527651527167,"KK",37
27,7438,0.479589442912592,"KK",37
28,10650,0.469001498462691,"KK",37
29,13898,0.468296145089058,"KK",37
30,8466,0.464883667825787,"KK",37
31,4653,0.458331334158984,"KK",37
32,8585,0.45776217778596,"KK",37
33,10089,0.455418298960715,"KK",37
34,12370,0.454977867620803,"KK",37
35,4532,0.452084890781893,"KK",37
36,5322,0.442919970610415,"KK",37
37,16797,0.442176237723536,"KK",37
38,1959,0.441572749159216,"KK",37
39,2572,0.436177593330995,"KK",37
40,4379,0.434075641283053,"KK",37
41,1645,0.433247018158232,"KK",37
42,21787,0.433099018328541,"KK",37
43,21988,0.431414724646847,"KK",37
44,4244,0.427744826457022,"KK",37
45,207,0.427433095990293,"KK",37
46,5555,0.426820747446488,"KK",37
47,4334,0.42552046354319,"KK",37
48,12640,0.423434288412297,"KK",37
49,16451,0.423203277385505,"KK",37
50,4925,0.422596958928527,"KK",37
1,6799,0.376938329404708,"TT",46
2,21091,0.366041192874222,"TT",46
3,4218,0.35103232668962,"TT",46
4,17686,0.341086682235475,"TT",46
5,20009,0.325041310484521,"TT",46
6,25410,0.323426605106652,"TT",46
7,19860,0.316295623906728,"TT",46
8,4555,0.304949904609489,"TT",46
9,1199,0.298711749544661,"TT",46
10,9898,0.297404201347564,"TT",46
11,11065,0.29534675989518,"TT",46
12,13633,0.289343925007592,"TT",46
13,8054,0.287722786943944,"TT",46
14,3770,0.285133016293749,"TT",46
15,7994,0.283029244646838,"TT",46
16,13047,0.282841680323877,"TT",46
17,10514,0.28120547420478,"TT",46
18,25148,0.278836670987779,"TT",46
19,16598,0.277915566557785,"TT",46
20,8060,0.277007941892052,"TT",46
21,6042,0.275580565019195,"TT",46
22,24552,0.275202515277184,"TT",46
23,23711,0.274749280430828,"TT",46
24,21932,0.274346962846665,"TT",46
25,25244,0.272329279994683,"TT",46
26,2331,0.270252104177327,"TT",46
27,8628,0.269181380493508,"TT",46
28,10917,0.269133237356856,"TT",46
29,14669,0.264613964758341,"TT",46
30,8319,0.261831095431905,"TT",46
31,4101,0.261394848921859,"TT",46
32,8338,0.260461162157908,"TT",46
33,10289,0.259171063388747,"TT",46
34,16793,0.258009670701729,"TT",46
35,23511,0.25658959080192,"TT",46
36,10214,0.254382549097928,"TT",46
37,1592,0.253962759138586,"TT",46
38,22844,0.253239169707634,"TT",46
39,17158,0.252552006733563,"TT",46
40,7101,0.250678328214624,"TT",46
41,25529,0.250657909056532,"TT",46
42,24307,0.249726215456506,"TT",46
43,19782,0.248945731014015,"TT",46
44,15606,0.248419690064394,"TT",46
45,4035,0.247678776372542,"TT",46
46,23048,0.247436610295925,"TT",46
47,7232,0.246453778873684,"TT",46
48,5099,0.244670094794664,"TT",46
49,5355,0.244349042279745,"TT",46
50,8898,0.244186564010643,"TT",46
1,9916,0.710207738152739,"UU",47
2,23900,0.701570596353521,"UU",47
3,9873,0.602503328249141,"UU",47
4,18368,0.589845549812452,"UU",47
5,5062,0.584084243331039,"UU",47
6,20602,0.576392662791581,"UU",47
7,11344,0.569238474317004,"UU",47
8,23823,0.565038507156698,"UU",47
9,14883,0.554343613129846,"UU",47
10,11549,0.547133917913911,"UU",47
11,6510,0.532172181326859,"UU",47
12,9875,0.531498868761748,"UU",47
13,17502,0.520474143399701,"UU",47
14,11334,0.510643118113518,"UU",47
15,18522,0.510392705273632,"UU",47
16,24517,0.509959298472173,"UU",47
17,12448,0.501480950033217,"UU",47
18,18523,0.497419576182464,"UU",47
19,25750,0.494007391211825,"UU",47
20,14055,0.491638399895194,"UU",47
21,14473,0.485995245433912,"UU",47
22,25293,0.485451093269072,"UU",47
23,18993,0.485099224505603,"UU",47
24,11245,0.450924637041077,"UU",47
25,21891,0.449890581964843,"UU",47
26,7168,0.445623073785681,"UU",47
27,4121,0.443750749325266,"UU",47
28,22990,0.443739018064966,"UU",47
29,13392,0.443712211126046,"UU",47
30,11152,0.440030773736665,"UU",47
31,15627,0.435952079864866,"UU",47
32,24108,0.435299571665586,"UU",47
33,20715,0.434592199470616,"UU",47
34,20563,0.433853426811699,"UU",47
35,13529,0.43276149606652,"UU",47
36,23333,0.43053785308345,"UU",47
37,25609,0.4304442274934,"UU",47
38,16484,0.427987714358629,"UU",47
39,23937,0.4273915402643,"UU",47
40,10787,0.427154031515423,"UU",47
41,9877,0.424163060937879,"UU",47
42,23232,0.421976101301401,"UU",47
43,24127,0.410989202874665,"UU",47
44,3567,0.408620370865097,"UU",47
45,12416,0.407475880060374,"UU",47
46,16602,0.405315510241737,"UU",47
47,21712,0.404007987967068,"UU",47
48,15333,0.403187087906308,"UU",47
49,11015,0.400886560072186,"UU",47
50,22793,0.399438473744958,"UU",47
1,13745,0.448541372347465,"WW",49
2,9578,0.357801250510463,"WW",49
3,10043,0.345007090524727,"WW",49
4,7657,0.334388680636882,"WW",49
5,20663,0.327552459190477,"WW",49
6,24418,0.32703640545931,"WW",49
7,17158,0.323812886340008,"WW",49
8,417,0.31610470315751,"WW",49
9,19976,0.31441345793667,"WW",49
10,23571,0.306358349448585,"WW",49
11,14782,0.304265612116484,"WW",49
12,10319,0.302042776277973,"WW",49
13,25746,0.301309848471732,"WW",49
14,11482,0.301183383216618,"WW",49
15,8690,0.299161794372037,"WW",49
16,23329,0.294832310763242,"WW",49
17,12927,0.293187552824468,"WW",49
18,12203,0.291086920640939,"WW",49
19,18192,0.290517844957617,"WW",49
20,4526,0.279326002773352,"WW",49
21,14507,0.277720963350176,"WW",49
22,20094,0.276931545980713,"WW",49
23,7639,0.272784808684495,"WW",49
24,11483,0.269909078225213,"WW",49
25,2576,0.269240038514875,"WW",49
26,24583,0.26699956541215,"WW",49
27,22160,0.263296696022386,"WW",49
28,24504,0.262307285481969,"WW",49
29,4361,0.261240138173477,"WW",49
30,25722,0.260693914416193,"WW",49
31,589,0.259720479496635,"WW",49
32,19757,0.257625107064652,"WW",49
33,21896,0.252973508905411,"WW",49
34,24948,0.252374650364364,"WW",49
35,24249,0.25196460988762,"WW",49
36,24438,0.250144627711001,"WW",49
37,15663,0.248404313993374,"WW",49
38,20152,0.247955538411643,"WW",49
39,9693,0.247776780697655,"WW",49
40,19890,0.247727052517287,"WW",49
41,9980,0.247087471936575,"WW",49
42,14936,0.246559099667275,"WW",49
43,14710,0.244942503995101,"WW",49
44,5239,0.24374839737012,"WW",49
45,12644,0.242552105114529,"WW",49
46,23940,0.242365295123946,"WW",49
47,6279,0.2409411051439,"WW",49
48,1605,0.240442933347805,"WW",49
49,24419,0.238669396752897,"WW",49
50,17373,0.237302817127122,"WW",49
1,20183,0.476125910423255,"XX",50
2,20328,0.462452816771799,"XX",50
3,17166,0.45603987037485,"XX",50
4,3130,0.45398194897148,"XX",50
5,18302,0.447621397068856,"XX",50
6,8666,0.447147959348546,"XX",50
7,8115,0.442431904422518,"XX",50
8,15886,0.440556138616964,"XX",50
9,7444,0.431471948858457,"XX",50
10,1882,0.411269161707496,"XX",50
11,18305,0.406490853505139,"XX",50
12,24139,0.402910858241273,"XX",50
13,12890,0.400070058690056,"XX",50
14,17669,0.397301172563849,"XX",50
15,19845,0.394350789352451,"XX",50
16,5536,0.388934586235332,"XX",50
17,18807,0.386237796736696,"XX",50
18,2657,0.380483096494279,"XX",50
19,3363,0.380460436633611,"XX",50
20,6178,0.378639072489357,"XX",50
21,4510,0.376215911518388,"XX",50
22,22320,0.369729996395928,"XX",50
23,10522,0.368185637082944,"XX",50
24,17745,0.367173464176073,"XX",50
25,8069,0.364263915031163,"XX",50
26,10056,0.362658748057441,"XX",50
27,6165,0.361976420669094,"XX",50
28,20418,0.361408131857052,"XX",50
29,8929,0.356474857464315,"XX",50
30,2279,0.355777703366031,"XX",50
31,22248,0.355655900983741,"XX",50
32,21102,0.352364877585002,"XX",50
33,21418,0.349724153744741,"XX",50
34,21403,0.349428099666203,"XX",50
35,20518,0.347207086045183,"XX",50
36,16076,0.344409076460311,"XX",50
37,18330,0.343054509128261,"XX",50
38,17283,0.341890834333686,"XX",50
39,4975,0.340952378833809,"XX",50
40,18370,0.340833147522268,"XX",50
41,2284,0.33348195112621,"XX",50
42,10528,0.331695441965404,"XX",50
43,6167,0.326158551913115,"XX",50
44,12885,0.325348628369288,"XX",50
45,18333,0.324860828064941,"XX",50
46,6208,0.323167163651435,"XX",50
47,19515,0.322528639663967,"XX",50
48,7432,0.321746751306182,"XX",50
49,18227,0.320560794494575,"XX",50
50,18309,0.320206482050568,"XX",50
1,22851,0.181924295254929,"YY",51
2,23016,0.179634251334242,"YY",51
3,16931,0.151327003273543,"YY",51
4,18236,0.141084194993875,"YY",51
5,22623,0.139193016072044,"YY",51
6,22533,0.138814456004799,"YY",51
7,18562,0.134869539025745,"YY",51
8,9860,0.13098006140244,"YY",51
9,21372,0.129052531481756,"YY",51
10,19941,0.128720907346887,"YY",51
11,24301,0.12632376932012,"YY",51
12,16227,0.125916958186587,"YY",51
13,12239,0.125687596120967,"YY",51
14,22625,0.125405718033686,"YY",51
15,23412,0.125103500651157,"YY",51
16,23162,0.124614046069295,"YY",51
17,12549,0.123300081897714,"YY",51
18,12900,0.123251339723531,"YY",51
19,12462,0.122249431261782,"YY",51
20,23697,0.118320567288803,"YY",51
21,22691,0.117754170322682,"YY",51
22,20974,0.117365587612711,"YY",51
23,15035,0.11550345821464,"YY",51
24,23027,0.115444129664062,"YY",51
25,20713,0.114673426290435,"YY",51
26,13616,0.114623043818801,"YY",51
27,20271,0.11339903085638,"YY",51
28,2200,0.113119469560879,"YY",51
29,13741,0.112529526510805,"YY",51
30,13129,0.112453420600177,"YY",51
31,25183,0.112303978878089,"YY",51
32,4725,0.112184472161276,"YY",51
33,23761,0.111831560024648,"YY",51
34,23799,0.111808230012312,"YY",51
35,24186,0.110804891211186,"YY",51
36,13169,0.110634806794581,"YY",51
37,13876,0.110602601414744,"YY",51
38,300,0.110270391113508,"YY",51
39,15721,0.110131977031345,"YY",51
40,15692,0.109978456226348,"YY",51
41,1271,0.109366609255163,"YY",51
42,11966,0.1084654231075,"YY",51
43,15489,0.10707593114234,"YY",51
44,8060,0.106864278896379,"YY",51
45,12279,0.106562739742532,"YY",51
46,15079,0.105857440066475,"YY",51
47,13464,0.105457876724194,"YY",51
48,23094,0.105083770129601,"YY",51
49,7281,0.104873008490169,"YY",51
50,13740,0.104485309634355,"YY",51
1,12204,0.576265797175079,"DDD",56
2,14064,0.55458117279821,"DDD",56
3,4766,0.516823359960421,"DDD",56
4,7987,0.50506584017539,"DDD",56
5,8076,0.502523320993247,"DDD",56
6,24293,0.494940825840705,"DDD",56
7,8008,0.494520225309561,"DDD",56
8,23891,0.488702354947548,"DDD",56
9,6954,0.456207255190357,"DDD",56
10,11389,0.446850572084903,"DDD",56
11,2043,0.44291194381347,"DDD",56
12,10389,0.441526761559818,"DDD",56
13,4290,0.437587359699951,"DDD",56
14,23301,0.43293124582345,"DDD",56
15,5340,0.421857959414309,"DDD",56
16,5240,0.408138779313651,"DDD",56
17,5690,0.397709010932337,"DDD",56
18,5210,0.386561445069979,"DDD",56
19,1942,0.381584500144146,"DDD",56
20,15309,0.366796930924911,"DDD",56
21,4291,0.36662511539572,"DDD",56
22,4292,0.366257812314708,"DDD",56
23,23715,0.36292605033512,"DDD",56
24,23671,0.352673325672551,"DDD",56
25,1613,0.349819090629737,"DDD",56
26,6271,0.3496762444987,"DDD",56
27,21566,0.345691992578036,"DDD",56
28,9296,0.342778026493246,"DDD",56
29,17174,0.341199494816855,"DDD",56
30,23204,0.340977060802205,"DDD",56
31,17264,0.335698541795685,"DDD",56
32,6580,0.33051157822513,"DDD",56
33,14028,0.328010832148554,"DDD",56
34,13969,0.326323415028968,"DDD",56
35,25630,0.319455239020705,"DDD",56
36,25497,0.317070820195245,"DDD",56
37,3737,0.313079835047904,"DDD",56
38,12107,0.312889289704501,"DDD",56
39,12490,0.308437569295983,"DDD",56
40,3818,0.307764912156102,"DDD",56
41,3977,0.307423404858666,"DDD",56
42,12223,0.306222126074103,"DDD",56
43,24767,0.305289455578281,"DDD",56
44,19099,0.305117482169869,"DDD",56
45,9556,0.303884594153521,"DDD",56
46,10547,0.302625341713317,"DDD",56
47,16484,0.302434263133753,"DDD",56
48,23226,0.302386026437452,"DDD",56
49,7370,0.302050885168305,"DDD",56
50,17458,0.301034060392863,"DDD",56
1,14177,0.629798837671863,"III",61
2,3039,0.609599242357293,"III",61
3,18768,0.609435853563,"III",61
4,16874,0.597045476519263,"III",61
5,16297,0.588280105157983,"III",61
6,24892,0.584200641988614,"III",61
7,7973,0.581089629072118,"III",61
8,1816,0.563706930258195,"III",61
9,14812,0.543622956057446,"III",61
10,21167,0.536170217045212,"III",61
11,18340,0.533700943792776,"III",61
12,6013,0.523914469324484,"III",61
13,12268,0.518128139562283,"III",61
14,16885,0.517777228149836,"III",61
15,17880,0.517432525658541,"III",61
16,19176,0.517120441567586,"III",61
17,5676,0.51558213654234,"III",61
18,19612,0.513357588496778,"III",61
19,2537,0.509834944081745,"III",61
20,4088,0.500436010435156,"III",61
21,15239,0.496346109957198,"III",61
22,11588,0.479332344196445,"III",61
23,20693,0.479016689888875,"III",61
24,6525,0.477473028954907,"III",61
25,14959,0.47520549203616,"III",61
26,24683,0.47311579059171,"III",61
27,9989,0.470450720049046,"III",61
28,1825,0.470440367000373,"III",61
29,10630,0.468918486155828,"III",61
30,18352,0.460052139124753,"III",61
31,6940,0.458870819554366,"III",61
32,14985,0.449598197955587,"III",61
33,15208,0.442458192361633,"III",61
34,387,0.434883763106387,"III",61
35,12201,0.434741483527216,"III",61
36,17565,0.430427799180007,"III",61
37,21317,0.429985180983987,"III",61
38,17485,0.426948861504209,"III",61
39,5237,0.424305437393149,"III",61
40,574,0.424097210015804,"III",61
41,8154,0.42230295356133,"III",61
42,16228,0.42035472578022,"III",61
43,9242,0.418099628005914,"III",61
44,19730,0.41650160248873,"III",61
45,19375,0.415253139251627,"III",61
46,12246,0.413684235282805,"III",61
47,22717,0.412972325989019,"III",61
48,6345,0.410085127536374,"III",61
49,24547,0.408008595784492,"III",61
50,7950,0.407640037471675,"III",61
1,11826,0.480142048497536,"HHH",60
2,13107,0.461012050770856,"HHH",60
3,9342,0.460112073257654,"HHH",60
4,15240,0.442138027742422,"HHH",60
5,21954,0.439252024729639,"HHH",60
6,14751,0.435668260911239,"HHH",60
7,13742,0.430127586505129,"HHH",60
8,22826,0.427381346134284,"HHH",60
9,19331,0.421173961630646,"HHH",60
10,1941,0.421008809060283,"HHH",60
11,12959,0.42038817665449,"HHH",60
12,12699,0.419602571050107,"HHH",60
13,832,0.414312582360546,"HHH",60
14,15430,0.410707073348273,"HHH",60
15,14949,0.41051599078095,"HHH",60
16,22758,0.400742106572481,"HHH",60
17,9715,0.389941144010499,"HHH",60
18,18580,0.386642592909717,"HHH",60
19,8276,0.385225796472217,"HHH",60
20,8717,0.381762051545351,"HHH",60
21,9361,0.381513021271153,"HHH",60
22,5405,0.378796768115966,"HHH",60
23,14405,0.372251345370674,"HHH",60
24,1803,0.370291823213032,"HHH",60
25,12732,0.369239506058899,"HHH",60
26,5630,0.366003496982137,"HHH",60
27,9174,0.358658945642363,"HHH",60
28,18875,0.357007681334691,"HHH",60
29,11607,0.34974597782121,"HHH",60
30,25649,0.347501907856532,"HHH",60
31,10163,0.340647146894126,"HHH",60
32,23335,0.34025154505445,"HHH",60
33,22505,0.339851391672632,"HHH",60
34,23066,0.339842443998846,"HHH",60
35,23366,0.339807042306313,"HHH",60
36,13030,0.337631344376999,"HHH",60
37,25734,0.332169623358489,"HHH",60
38,13204,0.330015257696047,"HHH",60
39,24109,0.330005750284222,"HHH",60
40,14992,0.324085969366696,"HHH",60
41,514,0.323468763393074,"HHH",60
42,24023,0.323202068807591,"HHH",60
43,21605,0.320386673605702,"HHH",60
44,875,0.316419892592098,"HHH",60
45,19027,0.313021725387389,"HHH",60
46,24290,0.311130164779967,"HHH",60
47,19941,0.307001454219304,"HHH",60
48,15251,0.304412185243065,"HHH",60
49,19747,0.304367551443788,"HHH",60
50,17786,0.303911822200966,"HHH",60
1,23716,0.641738979411401,"PPP",68
2,9004,0.636088001238379,"PPP",68
3,18234,0.605236372238513,"PPP",68
4,16603,0.560891281212444,"PPP",68
5,3608,0.556709703716362,"PPP",68
6,8444,0.527337018839452,"PPP",68
7,12000,0.508326071107511,"PPP",68
8,24019,0.493887815207282,"PPP",68
9,19678,0.486147536117149,"PPP",68
10,25650,0.481644121841475,"PPP",68
11,24784,0.477350213960464,"PPP",68
12,25437,0.472740292114015,"PPP",68
13,22038,0.469717321863099,"PPP",68
14,19801,0.468742883006172,"PPP",68
15,13180,0.462248091437004,"PPP",68
16,865,0.459610076371574,"PPP",68
17,17126,0.454767549997042,"PPP",68
18,11751,0.452823903871006,"PPP",68
19,21044,0.452648745253283,"PPP",68
20,24024,0.452487276568862,"PPP",68
21,10596,0.444830421127555,"PPP",68
22,24987,0.443958908086131,"PPP",68
23,23980,0.437603773490744,"PPP",68
24,15931,0.437355412880809,"PPP",68
25,1617,0.436819811010795,"PPP",68
26,12471,0.431030824343305,"PPP",68
27,20947,0.428717717414054,"PPP",68
28,23983,0.422160489815203,"PPP",68
29,14081,0.422062712310416,"PPP",68
30,21602,0.42151109648493,"PPP",68
31,18838,0.419972954782048,"PPP",68
32,13357,0.419566659482804,"PPP",68
33,3724,0.402960884578509,"PPP",68
34,25642,0.400079204834044,"PPP",68
35,24497,0.395840924758957,"PPP",68
36,24499,0.391593278228139,"PPP",68
37,23257,0.390960555811732,"PPP",68
38,19118,0.389754745943958,"PPP",68
39,21430,0.385207866454564,"PPP",68
40,6725,0.379640899063179,"PPP",68
41,25183,0.379351528367073,"PPP",68
42,3240,0.377189319476247,"PPP",68
43,1508,0.375286122557139,"PPP",68
44,11199,0.374822510762524,"PPP",68
45,24188,0.373933172010957,"PPP",68
46,23669,0.372705968047304,"PPP",68
47,4110,0.372016736394996,"PPP",68
48,13900,0.365540745677826,"PPP",68
49,22230,0.362145395931884,"PPP",68
50,15741,0.358276564925014,"PPP",68
1,11906,0.67085706048766,"BBB",54
2,18664,0.667698486792828,"BBB",54
3,15799,0.616424493677974,"BBB",54
4,17438,0.615145980697976,"BBB",54
5,20004,0.58572344193204,"BBB",54
6,15630,0.57968104903102,"BBB",54
7,18978,0.566528628293821,"BBB",54
8,16049,0.560636669887519,"BBB",54
9,20365,0.547688756034594,"BBB",54
10,16058,0.531503615696698,"BBB",54
11,21157,0.519869346768912,"BBB",54
12,17183,0.518386645820082,"BBB",54
13,17397,0.516583097515859,"BBB",54
14,18682,0.511529396348343,"BBB",54
15,4676,0.488753884155405,"BBB",54
16,15357,0.488595782498627,"BBB",54
17,16832,0.483321790758557,"BBB",54
18,21588,0.462471371122169,"BBB",54
19,19646,0.444263484303125,"BBB",54
20,23489,0.434038271297374,"BBB",54
21,14830,0.405137804657409,"BBB",54
22,15186,0.3977529870914,"BBB",54
23,16094,0.393606281192069,"BBB",54
24,16907,0.392486997414298,"BBB",54
25,19377,0.386528252096682,"BBB",54
26,18551,0.380088596328969,"BBB",54
27,24132,0.37977147427289,"BBB",54
28,997,0.351215746120442,"BBB",54
29,14678,0.347362413944985,"BBB",54
30,23673,0.34422809094898,"BBB",54
31,15785,0.337528764223914,"BBB",54
32,8851,0.336742903261549,"BBB",54
33,24286,0.328595025417479,"BBB",54
34,6021,0.325269403349665,"BBB",54
35,16248,0.323913652374363,"BBB",54
36,22185,0.323127153868737,"BBB",54
37,2817,0.322847226301916,"BBB",54
38,19338,0.322208094914142,"BBB",54
39,21168,0.311619012265414,"BBB",54
40,24821,0.310409860220121,"BBB",54
41,18464,0.308950287751337,"BBB",54
42,24476,0.305776928961077,"BBB",54
43,9134,0.302593955995889,"BBB",54
44,385,0.300900257346133,"BBB",54
45,4308,0.29730656911543,"BBB",54
46,24621,0.296040667312382,"BBB",54
47,22852,0.293708356103363,"BBB",54
48,19878,0.291269952650321,"BBB",54
49,14931,0.290478742536346,"BBB",54
50,17010,0.285466066748773,"BBB",54
